{"nodes":{"node:1":{"location":{"x":864,"y":-213}},"node:10":{"location":{"x":-48,"y":-68}},"node:13":{"location":{"x":576,"y":396}},"node:16":{"location":{"x":0,"y":0}},"node:4":{"location":{"x":516,"y":-52}},"node:7":{"location":{"x":864,"y":140}}},"selection":["node:13"],"view":{"scroll":{"x":377.619354248046875,"y":228.327056884765625},"visible_rect":{"max":{"x":946.89569091796875,"y":616.26171875},"min":{"x":302.09552001953125,"y":182.66168212890625}},"zoom":1.2499997615814209}}