{"nodes":{"node:1":{"location":{"x":-92,"y":-69}}},"selection":["node:1"],"view":{"scroll":{"x":-265.0296630859375,"y":-204.586334228515625},"visible_rect":{"max":{"x":585.6298828125,"y":300.46728515625},"min":{"x":-315.48504638671875,"y":-243.534744262695312}},"zoom":0.840070426464080811}}