{"nodes":{"node:1":{"location":{"x":864,"y":-213}},"node:4":{"location":{"x":1172,"y":-180}}},"selection":null,"view":{"scroll":{"x":1174.1361083984375,"y":-504.82208251953125},"visible_rect":{"max":{"x":1336.0909423828125,"y":-48.5480613708496094},"min":{"x":782.75750732421875,"y":-336.548095703125}},"zoom":1.49999988079071045}}