{"nodes":{"node:1":{"location":{"x":-300,"y":266}},"node:10":{"location":{"x":-204,"y":443}},"node:13":{"location":{"x":112,"y":-5}},"node:16":{"location":{"x":-124,"y":-5}},"node:19":{"location":{"x":80,"y":251}},"node:22":{"location":{"x":4,"y":443}},"node:25":{"location":{"x":356,"y":507}},"node:28":{"location":{"x":356,"y":379}},"node:31":{"location":{"x":356,"y":251}},"node:4":{"location":{"x":-476,"y":427}},"node:7":{"location":{"x":-352,"y":-5}}},"selection":["node:1"],"view":{"scroll":{"x":-738.7296142578125,"y":-91.8081283569335938},"visible_rect":{"max":{"x":896.2703857421875,"y":660.19189453125},"min":{"x":-738.7296142578125,"y":-91.8081283569335938}},"zoom":1}}