{"nodes":{"node:1":{"location":{"x":864,"y":-213}}},"selection":["node:1"],"view":{"scroll":{"x":1836.546630859375,"y":-666.00335693359375},"visible_rect":{"max":{"x":1091.020751953125,"y":-26.0013923645019531},"min":{"x":734.62005615234375,"y":-266.40185546875}},"zoom":2.49999523162841797}}