{"nodes":{"node:1":{"location":{"x":864,"y":-213}},"node:10":{"location":{"x":-48,"y":-68}},"node:13":{"location":{"x":576,"y":396}},"node:4":{"location":{"x":516,"y":-52}},"node:7":{"location":{"x":864,"y":140}}},"selection":["node:7"],"view":{"scroll":{"x":198.245391845703125,"y":-142.236297607421875},"visible_rect":{"max":{"x":1107.245361328125,"y":225.763702392578125},"min":{"x":198.245391845703125,"y":-142.236297607421875}},"zoom":1}}