{"nodes":{"node:1":{"location":{"x":-92,"y":-53}}},"selection":["node:1"],"view":{"scroll":{"x":-230.159210205078125,"y":-304.4168701171875},"visible_rect":{"max":{"x":454.273468017578125,"y":300.467041015625},"min":{"x":-184.127700805664062,"y":-243.533935546875}},"zoom":1.24999773502349854}}