{"nodes":{"node:1":{"location":{"x":-92,"y":-53}},"node:10":{"location":{"x":608,"y":140}},"node:13":{"location":{"x":608,"y":-212}},"node:16":{"location":{"x":436,"y":-356}},"node:19":{"location":{"x":276,"y":220}},"node:22":{"location":{"x":64,"y":140}},"node:25":{"location":{"x":48,"y":-212}},"node:28":{"location":{"x":208,"y":-340}},"node:4":{"location":{"x":260,"y":12}},"node:7":{"location":{"x":608,"y":-68}}},"selection":null,"view":{"scroll":{"x":-332.69537353515625,"y":-182.64996337890625},"visible_rect":{"max":{"x":713.739501953125,"y":300.46673583984375},"min":{"x":-443.593841552734375,"y":-243.533294677734375}},"zoom":0.75}}