{"nodes":{"node:1":{"location":{"x":-92,"y":-53}},"node:10":{"location":{"x":608,"y":140}},"node:13":{"location":{"x":608,"y":-212}},"node:16":{"location":{"x":436,"y":-356}},"node:19":{"location":{"x":276,"y":220}},"node:22":{"location":{"x":64,"y":140}},"node:25":{"location":{"x":48,"y":-212}},"node:28":{"location":{"x":208,"y":-340}},"node:4":{"location":{"x":260,"y":12}},"node:7":{"location":{"x":608,"y":-68}}},"selection":null,"view":{"scroll":{"x":-35.604888916015625,"y":-401.44775390625},"visible_rect":{"max":{"x":839.3951416015625,"y":76.55224609375},"min":{"x":-35.604888916015625,"y":-401.44775390625}},"zoom":1}}