{"nodes":{"node:1":{"location":{"x":-80,"y":-38}},"node:4":{"location":{"x":192,"y":-21}}},"selection":["node:4"],"view":{"scroll":{"x":-118.53509521484375,"y":-70.6769180297851562},"visible_rect":{"max":{"x":679.46490478515625,"y":360.323089599609375},"min":{"x":-118.53509521484375,"y":-70.6769180297851562}},"zoom":1}}