{"nodes":{"node:1":{"location":{"x":-92,"y":-53}},"node:10":{"location":{"x":608,"y":140}},"node:13":{"location":{"x":608,"y":-212}},"node:16":{"location":{"x":368,"y":-68}},"node:19":{"location":{"x":0,"y":108}},"node:4":{"location":{"x":608,"y":28}},"node:7":{"location":{"x":608,"y":-68}}},"selection":null,"view":{"scroll":{"x":-293.65460205078125,"y":-310.494415283203125},"visible_rect":{"max":{"x":411.56365966796875,"y":205.003753662109375},"min":{"x":-195.769760131835938,"y":-206.996307373046875}},"zoom":1.49999988079071045}}