{"nodes":{"node:1":{"location":{"x":532,"y":-309}},"node:10":{"location":{"x":484,"y":140}},"node:13":{"location":{"x":260,"y":124}},"node:16":{"location":{"x":112,"y":-20}},"node:19":{"location":{"x":112,"y":-148}},"node:22":{"location":{"x":468,"y":-68}},"node:25":{"location":{"x":832,"y":-52}},"node:4":{"location":{"x":736,"y":-164}},"node:7":{"location":{"x":724,"y":108}}},"selection":["node:7"],"view":{"scroll":{"x":348.850372314453125,"y":-89.4568939208984375},"visible_rect":{"max":{"x":983.23358154296875,"y":314.362060546875},"min":{"x":232.566925048828125,"y":-59.6379318237304688}},"zoom":1.5}}