{"nodes":{"node:1":{"location":{"x":864,"y":-213}},"node:10":{"location":{"x":0,"y":0}},"node:13":{"location":{"x":64,"y":-180}},"node:4":{"location":{"x":1172,"y":-180}},"node:7":{"location":{"x":0,"y":0}}},"selection":null,"view":{"scroll":{"x":-465.1068115234375,"y":-329.097900390625},"visible_rect":{"max":{"x":499.114593505859375,"y":117.521690368652344},"min":{"x":-372.085479736328125,"y":-263.278350830078125}},"zoom":1.24999988079071045}}