{"nodes":{"node:1":{"location":{"x":-236,"y":-38}},"node:4":{"location":{"x":100,"y":-53}}},"selection":null,"view":{"scroll":{"x":-256.557586669921875,"y":-114.223030090332031},"visible_rect":{"max":{"x":1283.1588134765625,"y":938.71807861328125},"min":{"x":-777.44720458984375,"y":-346.130401611328125}},"zoom":0.330000013113021851}}