{"nodes":{"node:1":{"location":{"x":-316,"y":330}},"node:10":{"location":{"x":272,"y":187}},"node:13":{"location":{"x":272,"y":-85}},"node:16":{"location":{"x":52,"y":-181}},"node:19":{"location":{"x":80,"y":267}},"node:22":{"location":{"x":-204,"y":-5}},"node:25":{"location":{"x":-64,"y":-117}},"node:28":{"location":{"x":192,"y":411}},"node:31":{"location":{"x":100,"y":779}},"node:34":{"location":{"x":-316,"y":907}},"node:37":{"location":{"x":-508,"y":619}},"node:4":{"location":{"x":-236,"y":-229}},"node:7":{"location":{"x":-428,"y":-133}}},"selection":null,"view":{"scroll":{"x":-495.47308349609375,"y":-99.562103271484375},"visible_rect":{"max":{"x":767.0538330078125,"y":1022.87579345703125},"min":{"x":-990.9461669921875,"y":-199.12420654296875}},"zoom":0.5}}