{"nodes":{"node:1":{"location":{"x":-208,"y":-262}},"node:10":{"location":{"x":-348,"y":123}},"node:13":{"location":{"x":448,"y":43}},"node:16":{"location":{"x":84,"y":-277}},"node:4":{"location":{"x":16,"y":-85}},"node:7":{"location":{"x":432,"y":-197}}},"selection":null,"view":{"scroll":{"x":-839.0501708984375,"y":-526.52728271484375},"visible_rect":{"max":{"x":637.9498291015625,"y":262.47271728515625},"min":{"x":-839.0501708984375,"y":-526.52728271484375}},"zoom":1}}