{"nodes":{"node:1":{"location":{"x":-92,"y":-53}},"node:10":{"location":{"x":608,"y":140}},"node:13":{"location":{"x":608,"y":-212}},"node:16":{"location":{"x":368,"y":-68}},"node:4":{"location":{"x":608,"y":28}},"node:7":{"location":{"x":608,"y":-68}}},"selection":null,"view":{"scroll":{"x":187.846206665039062,"y":-151.214736938476562},"visible_rect":{"max":{"x":781.84619140625,"y":241.785263061523438},"min":{"x":187.846206665039062,"y":-151.214736938476562}},"zoom":1}}