{"nodes":{"node:1":{"location":{"x":-236,"y":-38}},"node:4":{"location":{"x":80,"y":-53}}},"selection":null,"view":{"scroll":{"x":-219.877426147460938,"y":-85.5288162231445312},"visible_rect":{"max":{"x":792.5538330078125,"y":544.212646484375},"min":{"x":-266.8177490234375,"y":-103.787857055664062}},"zoom":0.824073433876037598}}