{"nodes":{"node:1":{"location":{"x":-8,"y":-32}}},"selection":null,"view":{"scroll":{"x":-534.2418212890625,"y":-220.719329833984375},"visible_rect":{"max":{"x":516.6065673828125,"y":131.424545288085938},"min":{"x":-427.393463134765625,"y":-176.575469970703125}},"zoom":1.25}}