{"nodes":{"node:1":{"location":{"x":576,"y":-293}},"node:10":{"location":{"x":-540,"y":-116}},"node:13":{"location":{"x":-44,"y":348}},"node:16":{"location":{"x":-268,"y":-244}},"node:19":{"location":{"x":-556,"y":140}},"node:4":{"location":{"x":324,"y":236}},"node:7":{"location":{"x":132,"y":-180}}},"selection":null,"view":{"scroll":{"x":-639.28271484375,"y":-267.240966796875},"visible_rect":{"max":{"x":204.363128662109375,"y":336.8013916015625},"min":{"x":-783.63690185546875,"y":-327.585693359375}},"zoom":0.815789461135864258}}