{"nodes":{"node:1":{"location":{"x":864,"y":-213}},"node:10":{"location":{"x":-48,"y":-68}},"node:13":{"location":{"x":576,"y":396}},"node:16":{"location":{"x":100,"y":364}},"node:4":{"location":{"x":516,"y":-52}},"node:7":{"location":{"x":864,"y":140}}},"selection":null,"view":{"scroll":{"x":356.648681640625,"y":15.6750335693359375},"visible_rect":{"max":{"x":1162.648681640625,"y":557.675048828125},"min":{"x":356.648681640625,"y":15.6750335693359375}},"zoom":1}}