{"nodes":null,"selection":null,"view":{"scroll":{"x":-204.494003295898438,"y":-292.629150390625},"visible_rect":{"max":{"x":460.6746826171875,"y":177.82781982421875},"min":{"x":-272.65869140625,"y":-390.1722412109375}},"zoom":0.749999940395355225}}