{"nodes":{"node:1":{"location":{"x":864,"y":-213}},"node:10":{"location":{"x":411,"y":140}},"node:13":{"location":{"x":144,"y":124}},"node:16":{"location":{"x":320,"y":252}},"node:19":{"location":{"x":-16,"y":60}},"node:22":{"location":{"x":292,"y":60}},"node:25":{"location":{"x":598,"y":124}},"node:28":{"location":{"x":64,"y":220}},"node:31":{"location":{"x":671,"y":92}},"node:34":{"location":{"x":736,"y":60}},"node:4":{"location":{"x":516,"y":-68}},"node:7":{"location":{"x":192,"y":-36}}},"selection":["node:7"],"view":{"scroll":{"x":-293.3992919921875,"y":-78.5322647094726562},"visible_rect":{"max":{"x":936.801025390625,"y":383.290374755859375},"min":{"x":-391.1990966796875,"y":-104.709701538085938}},"zoom":0.749999940395355225}}