{"nodes":{"node:1":{"location":{"x":-208,"y":-262}}},"selection":null,"view":{"scroll":{"x":-406.49066162109375,"y":-465.50091552734375},"visible_rect":{"max":{"x":466.50933837890625,"y":7.49908447265625},"min":{"x":-406.49066162109375,"y":-465.50091552734375}},"zoom":1}}