{"nodes":{"node:1":{"location":{"x":-92,"y":-53}},"node:10":{"location":{"x":608,"y":140}},"node:13":{"location":{"x":608,"y":-212}},"node:16":{"location":{"x":436,"y":-356}},"node:19":{"location":{"x":276,"y":220}},"node:22":{"location":{"x":64,"y":140}},"node:25":{"location":{"x":48,"y":-212}},"node:28":{"location":{"x":208,"y":-340}},"node:4":{"location":{"x":260,"y":12}},"node:7":{"location":{"x":608,"y":-68}}},"selection":null,"view":{"scroll":{"x":-237.260955810546875,"y":-188.264739990234375},"visible_rect":{"max":{"x":1023.739013671875,"y":436.735260009765625},"min":{"x":-237.260955810546875,"y":-188.264739990234375}},"zoom":1}}