{"nodes":{"node:1":{"location":{"x":-92,"y":-53}},"node:10":{"location":{"x":608,"y":140}},"node:13":{"location":{"x":608,"y":-212}},"node:16":{"location":{"x":368,"y":-68}},"node:4":{"location":{"x":608,"y":28}},"node:7":{"location":{"x":608,"y":-68}}},"selection":["node:7"],"view":{"scroll":{"x":-41.8580131530761719,"y":-207.831710815429688},"visible_rect":{"max":{"x":906.85614013671875,"y":308.224456787109375},"min":{"x":-55.8106956481933594,"y":-277.1090087890625}},"zoom":0.749999821186065674}}