{"nodes":{"node:1":{"location":{"x":864,"y":-213}},"node:10":{"location":{"x":-44,"y":-68}},"node:13":{"location":{"x":576,"y":396}},"node:16":{"location":{"x":0,"y":0}},"node:19":{"location":{"x":0,"y":0}},"node:22":{"location":{"x":0,"y":0}},"node:25":{"location":{"x":0,"y":0}},"node:4":{"location":{"x":516,"y":-52}},"node:7":{"location":{"x":864,"y":124}}},"selection":null,"view":{"scroll":{"x":-128.997894287109375,"y":-0.3281097412109375},"visible_rect":{"max":{"x":1040.0028076171875,"y":490.22918701171875},"min":{"x":-171.9971923828125,"y":-0.437479674816131592}},"zoom":0.75}}