{"nodes":{"node:1":{"location":{"x":-92,"y":-53}},"node:10":{"location":{"x":608,"y":140}},"node:13":{"location":{"x":608,"y":-212}},"node:16":{"location":{"x":368,"y":-68}},"node:4":{"location":{"x":608,"y":28}},"node:7":{"location":{"x":608,"y":-68}}},"selection":null,"view":{"scroll":{"x":317.815887451171875,"y":-480.3382568359375},"visible_rect":{"max":{"x":975.85272216796875,"y":135.729400634765625},"min":{"x":254.252716064453125,"y":-384.270599365234375}},"zoom":1.25}}