{"nodes":{"node:1":{"location":{"x":176,"y":-86}},"node:10":{"location":{"x":-80,"y":-581}},"node:13":{"location":{"x":1120,"y":-85}},"node:4":{"location":{"x":-60,"y":379}},"node:7":{"location":{"x":384,"y":-85}}},"selection":["link:20"],"view":{"scroll":{"x":-261.11529541015625,"y":-211.22906494140625},"visible_rect":{"max":{"x":1649.7694091796875,"y":669.5418701171875},"min":{"x":-522.2305908203125,"y":-422.4581298828125}},"zoom":0.5}}
