{"nodes":{"node:1":{"location":{"x":176,"y":-86}},"node:10":{"location":{"x":-80,"y":-581}},"node:13":{"location":{"x":1120,"y":-85}},"node:4":{"location":{"x":-60,"y":379}},"node:7":{"location":{"x":176,"y":-85}}},"selection":["node:13"],"view":{"scroll":{"x":-373.075927734375,"y":-160.025711059570312},"visible_rect":{"max":{"x":1177.84814453125,"y":627.9486083984375},"min":{"x":-746.15185546875,"y":-320.051422119140625}},"zoom":0.5}}