{"nodes":{"node:1":{"location":{"x":-92,"y":-53}},"node:10":{"location":{"x":608,"y":140}},"node:13":{"location":{"x":608,"y":-212}},"node:16":{"location":{"x":368,"y":-68}},"node:19":{"location":{"x":384,"y":76}},"node:4":{"location":{"x":608,"y":28}},"node:7":{"location":{"x":608,"y":-68}}},"selection":null,"view":{"scroll":{"x":114.108642578125,"y":-254.083236694335938},"visible_rect":{"max":{"x":923.108642578125,"y":254.916763305664062},"min":{"x":114.108642578125,"y":-254.083236694335938}},"zoom":1}}