{"nodes":{"node:1":{"location":{"x":-332,"y":170}},"node:10":{"location":{"x":112,"y":171}},"node:13":{"location":{"x":148,"y":-21}},"node:4":{"location":{"x":-108,"y":-69}},"node:7":{"location":{"x":-124,"y":107}}},"selection":["node:13"],"view":{"scroll":{"x":32.84613037109375,"y":-32.4643707275390625},"visible_rect":{"max":{"x":530.2769775390625,"y":254.828536987304688},"min":{"x":26.2769069671630859,"y":-25.9714984893798828}},"zoom":1.24999988079071045}}