{"nodes":{"node:1":{"location":{"x":-208,"y":-262}},"node:4":{"location":{"x":148,"y":-261}}},"selection":null,"view":{"scroll":{"x":-380.427764892578125,"y":-505.740936279296875},"visible_rect":{"max":{"x":499.17840576171875,"y":60.0151329040527344},"min":{"x":-391.894775390625,"y":-520.98516845703125}},"zoom":0.970739603042602539}}