{"nodes":{"node:1":{"location":{"x":52,"y":-326}},"node:4":{"location":{"x":372,"y":-309}}},"selection":null,"view":{"scroll":{"x":-243.791290283203125,"y":-483.0966796875},"visible_rect":{"max":{"x":943.208740234375,"y":118.9033203125},"min":{"x":-243.791290283203125,"y":-483.0966796875}},"zoom":1}}