{"nodes":{"node:1":{"location":{"x":864,"y":-213}},"node:10":{"location":{"x":-44,"y":-68}},"node:13":{"location":{"x":576,"y":396}},"node:4":{"location":{"x":516,"y":-52}},"node:7":{"location":{"x":864,"y":124}}},"selection":["link:25"],"view":{"scroll":{"x":-1.37820422649383545,"y":-105.160972595214844},"visible_rect":{"max":{"x":1210.16259765625,"y":350.452056884765625},"min":{"x":-1.83760583400726318,"y":-140.214645385742188}},"zoom":0.749999940395355225}}