{"nodes":{"node:1":{"location":{"x":864,"y":-213}},"node:10":{"location":{"x":-48,"y":-68}},"node:13":{"location":{"x":576,"y":396}},"node:16":{"location":{"x":100,"y":364}},"node:4":{"location":{"x":516,"y":-52}},"node:7":{"location":{"x":864,"y":140}}},"selection":["node:13"],"view":{"scroll":{"x":280.648681640625,"y":13.675048828125},"visible_rect":{"max":{"x":1086.648681640625,"y":555.675048828125},"min":{"x":280.648681640625,"y":13.675048828125}},"zoom":1}}