{"nodes":{"node:1":{"location":{"x":-396,"y":42}},"node:10":{"location":{"x":272,"y":187}},"node:13":{"location":{"x":272,"y":-85}},"node:16":{"location":{"x":68,"y":-181}},"node:4":{"location":{"x":-236,"y":-229}},"node:7":{"location":{"x":-172,"y":171}}},"selection":null,"view":{"scroll":{"x":-427.857421875,"y":-284.304840087890625},"visible_rect":{"max":{"x":506.492645263671875,"y":426.348968505859375},"min":{"x":-1296.53759765625,"y":-861.52978515625}},"zoom":0.330000013113021851}}