{"nodes":{"node:1":{"location":{"x":-300,"y":266}}},"selection":null,"view":{"scroll":{"x":-397.3870849609375,"y":-42.4242401123046875},"visible_rect":{"max":{"x":1714.45166015625,"y":722.30303955078125},"min":{"x":-1589.54833984375,"y":-169.69696044921875}},"zoom":0.25}}