{"nodes":{"node:1":{"location":{"x":864,"y":-213}},"node:10":{"location":{"x":-48,"y":-68}},"node:13":{"location":{"x":576,"y":396}},"node:16":{"location":{"x":100,"y":364}},"node:4":{"location":{"x":516,"y":-52}},"node:7":{"location":{"x":864,"y":140}}},"selection":null,"view":{"scroll":{"x":280.6488037109375,"y":13.3417396545410156},"visible_rect":{"max":{"x":1086.6488037109375,"y":555.34173583984375},"min":{"x":280.6488037109375,"y":13.3417396545410156}},"zoom":1}}