{"nodes":{"node:1":{"location":{"x":532,"y":-309}},"node:10":{"location":{"x":528,"y":124}},"node:13":{"location":{"x":308,"y":92}},"node:16":{"location":{"x":112,"y":-20}},"node:19":{"location":{"x":112,"y":-148}},"node:22":{"location":{"x":468,"y":-68}},"node:25":{"location":{"x":272,"y":-260}},"node:4":{"location":{"x":736,"y":-164}},"node:7":{"location":{"x":724,"y":76}}},"selection":["link:31"],"view":{"scroll":{"x":-219.41473388671875,"y":-419.671539306640625},"visible_rect":{"max":{"x":958.8681640625,"y":209.862777709960938},"min":{"x":-175.531784057617188,"y":-335.73724365234375}},"zoom":1.25}}