{"nodes":{"node:1":{"location":{"x":660,"y":-133}},"node:10":{"location":{"x":80,"y":-20}},"node:13":{"location":{"x":304,"y":284}},"node:16":{"location":{"x":96,"y":284}},"node:19":{"location":{"x":32,"y":124}},"node:22":{"location":{"x":244,"y":28}},"node:25":{"location":{"x":544,"y":108}},"node:28":{"location":{"x":208,"y":-180}},"node:31":{"location":{"x":624,"y":60}},"node:34":{"location":{"x":736,"y":12}},"node:4":{"location":{"x":416,"y":-52}},"node:7":{"location":{"x":416,"y":140}}},"selection":null,"view":{"scroll":{"x":-201.88616943359375,"y":-240.74627685546875},"visible_rect":{"max":{"x":509.11383056640625,"y":227.25372314453125},"min":{"x":-201.88616943359375,"y":-240.74627685546875}},"zoom":1}}