{"nodes":{"node:1":{"location":{"x":660,"y":-133}},"node:10":{"location":{"x":-37,"y":-84}},"node:13":{"location":{"x":340,"y":348}},"node:16":{"location":{"x":68,"y":364}},"node:19":{"location":{"x":512,"y":108}},"node:22":{"location":{"x":272,"y":-68}},"node:25":{"location":{"x":592,"y":92}},"node:28":{"location":{"x":36,"y":60}},"node:31":{"location":{"x":144,"y":-84}},"node:34":{"location":{"x":-176,"y":60}},"node:37":{"location":{"x":-96,"y":188}},"node:4":{"location":{"x":420,"y":-36}},"node:40":{"location":{"x":52,"y":220}},"node:43":{"location":{"x":719,"y":60}},"node:46":{"location":{"x":848,"y":28}},"node:7":{"location":{"x":372,"y":236}}},"selection":["node:34"],"view":{"scroll":{"x":-251.465591430664062,"y":-19.3626174926757812},"visible_rect":{"max":{"x":674.04595947265625,"y":372.849884033203125},"min":{"x":-335.287506103515625,"y":-25.8168258666992188}},"zoom":0.749999940395355225}}