{"nodes":{"node:1":{"location":{"x":864,"y":-213}},"node:10":{"location":{"x":-48,"y":-68}},"node:13":{"location":{"x":576,"y":396}},"node:4":{"location":{"x":516,"y":-52}},"node:7":{"location":{"x":864,"y":140}}},"selection":["node:10"],"view":{"scroll":{"x":-198.5045166015625,"y":-111.90899658203125},"visible_rect":{"max":{"x":607.4954833984375,"y":430.09100341796875},"min":{"x":-198.5045166015625,"y":-111.90899658203125}},"zoom":1}}