{"nodes":{"node:1":{"location":{"x":144,"y":-5}},"node:10":{"location":{"x":-156,"y":-180}},"node:13":{"location":{"x":-80,"y":-260}},"node:16":{"location":{"x":64,"y":-212}},"node:4":{"location":{"x":-108,"y":12}},"node:7":{"location":{"x":224,"y":-116}}},"selection":null,"view":{"scroll":{"x":-160.0810546875,"y":-344.148284912109375},"visible_rect":{"max":{"x":369.505340576171875,"y":177.828094482421875},"min":{"x":-181.48931884765625,"y":-390.172576904296875}},"zoom":0.882041215896606445}}