{"nodes":{"node:1":{"location":{"x":-208,"y":-262}},"node:10":{"location":{"x":560,"y":-69}},"node:13":{"location":{"x":148,"y":-213}},"node:4":{"location":{"x":4,"y":-5}},"node:7":{"location":{"x":400,"y":-245}}},"selection":["node:10"],"view":{"scroll":{"x":259.58349609375,"y":-379.300811767578125},"visible_rect":{"max":{"x":912.466796875,"y":42.1593513488769531},"min":{"x":207.666793823242188,"y":-303.440643310546875}},"zoom":1.25}}