{"nodes":{"node:1":{"location":{"x":864,"y":-213}},"node:4":{"location":{"x":516,"y":-52}},"node:7":{"location":{"x":864,"y":140}}},"selection":["node:4"],"view":{"scroll":{"x":392.7283935546875,"y":-271.14111328125},"visible_rect":{"max":{"x":1173.7283935546875,"y":315.85888671875},"min":{"x":392.7283935546875,"y":-271.14111328125}},"zoom":1}}