{"nodes":{"node:1":{"location":{"x":-332,"y":170}},"node:10":{"location":{"x":112,"y":171}},"node:13":{"location":{"x":148,"y":-21}},"node:4":{"location":{"x":-108,"y":-69}},"node:7":{"location":{"x":-124,"y":107}}},"selection":null,"view":{"scroll":{"x":-231.91326904296875,"y":-49.04327392578125},"visible_rect":{"max":{"x":740.1734619140625,"y":585.9134521484375},"min":{"x":-463.8265380859375,"y":-98.0865478515625}},"zoom":0.5}}