{"nodes":{"node:1":{"location":{"x":-124,"y":-38}},"node:4":{"location":{"x":96,"y":43}}},"selection":null,"view":{"scroll":{"x":-321.31512451171875,"y":-113.334983825683594},"visible_rect":{"max":{"x":1034.24658203125,"y":496.886688232421875},"min":{"x":-428.420166015625,"y":-151.113311767578125}},"zoom":0.75}}