{"nodes":{"node:1":{"location":{"x":-300,"y":266}},"node:10":{"location":{"x":-204,"y":443}},"node:13":{"location":{"x":212,"y":-53}},"node:16":{"location":{"x":-240,"y":-53}},"node:19":{"location":{"x":80,"y":251}},"node:22":{"location":{"x":4,"y":443}},"node:25":{"location":{"x":356,"y":507}},"node:28":{"location":{"x":356,"y":379}},"node:31":{"location":{"x":356,"y":251}},"node:34":{"location":{"x":-96,"y":-85}},"node:37":{"location":{"x":32,"y":43}},"node:4":{"location":{"x":-476,"y":427}},"node:40":{"location":{"x":48,"y":-85}},"node:7":{"location":{"x":-352,"y":-5}}},"selection":["link:80"],"view":{"scroll":{"x":-423.00262451171875,"y":-64.521514892578125},"visible_rect":{"max":{"x":871.99658203125,"y":712.63812255859375},"min":{"x":-564.0035400390625,"y":-86.0286941528320312}},"zoom":0.749999940395355225}}