{"nodes":{"node:1":{"location":{"x":-40,"y":-144}},"node:10":{"location":{"x":70,"y":-32}},"node:13":{"location":{"x":150,"y":-96}},"node:4":{"location":{"x":-56,"y":0}},"node:7":{"location":{"x":152,"y":48}}},"selection":null,"view":{"scroll":{"x":-221.59942626953125,"y":-337.84912109375},"visible_rect":{"max":{"x":380.814361572265625,"y":94.56866455078125},"min":{"x":-201.211563110351562,"y":-306.765899658203125}},"zoom":1.10132551193237305}}