{"nodes":{"node:1":{"location":{"x":196,"y":-278}},"node:4":{"location":{"x":176,"y":-21}}},"selection":null,"view":{"scroll":{"x":302.48333740234375,"y":268.471099853515625},"visible_rect":{"max":{"x":2075.3115234375,"y":1049.9615478515625},"min":{"x":403.3111572265625,"y":357.961517333984375}},"zoom":0.749999940395355225}}