{"nodes":{"node:1":{"location":{"x":864,"y":-213}},"node:10":{"location":{"x":-48,"y":-68}},"node:13":{"location":{"x":576,"y":396}},"node:4":{"location":{"x":516,"y":-52}},"node:7":{"location":{"x":864,"y":140}}},"selection":null,"view":{"scroll":{"x":-141.3511962890625,"y":-158.65826416015625},"visible_rect":{"max":{"x":664.6488037109375,"y":383.34173583984375},"min":{"x":-141.3511962890625,"y":-158.65826416015625}},"zoom":1}}