{"nodes":{"node:1":{"location":{"x":-92,"y":-53}},"node:10":{"location":{"x":608,"y":140}},"node:13":{"location":{"x":608,"y":-212}},"node:16":{"location":{"x":368,"y":-68}},"node:19":{"location":{"x":0,"y":0}},"node:4":{"location":{"x":608,"y":28}},"node:7":{"location":{"x":608,"y":-68}}},"selection":["node:7"],"view":{"scroll":{"x":11.0386810302734375,"y":-211.16033935546875},"visible_rect":{"max":{"x":925.385009765625,"y":231.786239624023438},"min":{"x":14.7182435989379883,"y":-281.547149658203125}},"zoom":0.749999940395355225}}