{"nodes":{"node:1":{"location":{"x":-160,"y":-6}},"node:4":{"location":{"x":16,"y":12}}},"selection":null,"view":{"scroll":{"x":-338.506439208984375,"y":-228.369430541992188},"visible_rect":{"max":{"x":230.794845581054688,"y":199.704452514648438},"min":{"x":-270.805145263671875,"y":-182.695541381835938}},"zoom":1.25}}