{"nodes":{"node:1":{"location":{"x":928,"y":-261}},"node:4":{"location":{"x":1152,"y":-244}},"node:7":{"location":{"x":1152,"y":-20}}},"selection":null,"view":{"scroll":{"x":754.324462890625,"y":-358.4195556640625},"visible_rect":{"max":{"x":1560.324462890625,"y":183.5804443359375},"min":{"x":754.324462890625,"y":-358.4195556640625}},"zoom":1}}