{"nodes":{"node:1":{"location":{"x":576,"y":-293}},"node:10":{"location":{"x":-540,"y":-116}},"node:13":{"location":{"x":-44,"y":348}},"node:16":{"location":{"x":-268,"y":-244}},"node:4":{"location":{"x":324,"y":236}},"node:7":{"location":{"x":132,"y":-180}}},"selection":null,"view":{"scroll":{"x":-26.1312255859375,"y":-82.745849609375},"visible_rect":{"max":{"x":779.8687744140625,"y":459.254150390625},"min":{"x":-26.1312255859375,"y":-82.745849609375}},"zoom":1}}