{"nodes":{"node:1":{"location":{"x":144,"y":-5}},"node:10":{"location":{"x":-156,"y":-180}},"node:13":{"location":{"x":-80,"y":-260}},"node:16":{"location":{"x":64,"y":-212}},"node:4":{"location":{"x":-108,"y":12}},"node:7":{"location":{"x":224,"y":-116}}},"selection":null,"view":{"scroll":{"x":-162.077835083007812,"y":-341.35400390625},"visible_rect":{"max":{"x":461.53778076171875,"y":136.516815185546875},"min":{"x":-129.662277221679688,"y":-273.083221435546875}},"zoom":1.24999988079071045}}