{"nodes":{"node:1":{"location":{"x":196,"y":-246}},"node:4":{"location":{"x":416,"y":-277}}},"selection":null,"view":{"scroll":{"x":-77.4654769897460938,"y":-361.85400390625},"visible_rect":{"max":{"x":710.5345458984375,"y":58.14599609375},"min":{"x":-77.4654769897460938,"y":-361.85400390625}},"zoom":1}}