{"nodes":{"node:1":{"location":{"x":-144,"y":-294}},"node:4":{"location":{"x":208,"y":-149}},"node:7":{"location":{"x":368,"y":-293}}},"selection":null,"view":{"scroll":{"x":-384.171630859375,"y":-450.5775146484375},"visible_rect":{"max":{"x":536.828369140625,"y":42.4224853515625},"min":{"x":-384.171630859375,"y":-450.5775146484375}},"zoom":1}}