{"nodes":{"node:1":{"location":{"x":864,"y":-213}},"node:10":{"location":{"x":-300,"y":-68}},"node:13":{"location":{"x":-352,"y":76}},"node:16":{"location":{"x":-188,"y":188}},"node:19":{"location":{"x":64,"y":28}},"node:22":{"location":{"x":420,"y":-84}},"node:25":{"location":{"x":454,"y":12}},"node:28":{"location":{"x":128,"y":-292}},"node:31":{"location":{"x":319,"y":204}},"node:34":{"location":{"x":224,"y":-164}},"node:4":{"location":{"x":-16,"y":-116}},"node:7":{"location":{"x":68,"y":188}}},"selection":null,"view":{"scroll":{"x":-474.601104736328125,"y":-337.99517822265625},"visible_rect":{"max":{"x":1003.19866943359375,"y":433.339813232421875},"min":{"x":-632.80157470703125,"y":-450.6602783203125}},"zoom":0.749999940395355225}}