{"nodes":{"node:1":{"location":{"x":-332,"y":170}},"node:10":{"location":{"x":112,"y":171}},"node:13":{"location":{"x":148,"y":-21}},"node:4":{"location":{"x":-108,"y":-69}},"node:7":{"location":{"x":-124,"y":107}}},"selection":["node:13"],"view":{"scroll":{"x":-342.111663818359375,"y":-447.789031982421875},"visible_rect":{"max":{"x":403.910675048828125,"y":128.968780517578125},"min":{"x":-273.6893310546875,"y":-358.231231689453125}},"zoom":1.25}}