{
    "Scene": {
        "GameObjects": [
            {
                "UID": 1787636697,
                "ParentUID": 1,
                "Name": "GameObject",
                "isEnabled": true,
                "Translation": [
                    0.0,
                    0.0,
                    0.0
                ],
                "Rotation": [
                    -0.7494208216667175,
                    0.0,
                    0.0,
                    0.662093997001648
                ],
                "Scale": [
                    1.0,
                    1.0,
                    1.0
                ],
                "Tag": 0,
                "PrefabId": 0,
                "OverridePrefab": true,
                "Components": [
                    {
                        "ID": 1198682260,
                        "ComponentType": 15,
                        "isEnabled": true,
                        "Image": 452546727,
                        "Duration": 5.0,
                        "Life Time": 2.0,
                        "Emission Rate": 10.0,
                        "Speed": 1.0,
                        "Max Particles": 1000,
                        "Looping": true,
                        "Size": 5.0,
                        "Color Gradient": [
                            {
                                "Time": 0.0,
                                "Color": [
                                    0.7303921580314636,
                                    0.41995444893836977,
                                    0.25062477588653567,
                                    1.0
                                ]
                            }
                        ]
                    }
                ]
            }
        ]
    }
}