{
    "Scene": {
        "GameObjects": [
            {
                "UID": 846733302,
                "ParentUID": 1,
                "Name": "GameObject",
                "isEnabled": true,
                "Translation": [
                    0.0,
                    0.0,
                    0.0
                ],
                "Rotation": [
                    -0.4679466485977173,
                    -0.524817168712616,
                    -0.47321805357933047,
                    0.530714213848114
                ],
                "Scale": [
                    1.0,
                    1.0,
                    1.0
                ],
                "Tag": 0,
                "PrefabId": 0,
                "OverridePrefab": true,
                "Components": [
                    {
                        "ID": 1768721275,
                        "ComponentType": 15,
                        "isEnabled": true,
                        "Image": 452546727,
                        "Duration": 5.0,
                        "Life Time": 1.5,
                        "Emission Rate": 10.0,
                        "Speed": 1.0,
                        "Max Particles": 1000,
                        "Looping": true,
                        "Size": 5.0,
                        "Speed": 1.0,
                        "isSpeedCurve": false,
                        "isSizeCurve": false,
                        "SizeCurve": [
                            0.0,
                            0.0,
                            0.0,
                            0.0
                        ],
                        "SpeedCurve": [
                            0.0,
                            0.0,
                            0.0,
                            0.0
                        ],
                        "ShapeType": 1,
                        "ShapeRadius": 0.5,
                        "ShapeAngle": 0.08500000089406967,
                        "ShapeSize": [
                            1.0,
                            1.0
                        ],
                        "Color Gradient": [
                            {
                                "Time": 0.0,
                                "Color": [
                                    0.6813725233078003,
                                    0.35542187094688418,
                                    0.15364283323287965,
                                    1.0
                                ]
                            }
                        ]
                    }
                ]
            },
            {
                "UID": 218811621,
                "ParentUID": 1,
                "Name": "GameObject (1)",
                "isEnabled": true,
                "Translation": [
                    0.0,
                    0.0,
                    0.0
                ],
                "Rotation": [
                    -0.46794670820236208,
                    -0.524817168712616,
                    -0.4732181131839752,
                    0.5307142734527588
                ],
                "Scale": [
                    1.0000001192092896,
                    1.0,
                    1.0
                ],
                "Tag": 0,
                "PrefabId": 0,
                "OverridePrefab": true,
                "Components": [
                    {
                        "ID": 220969872,
                        "ComponentType": 15,
                        "isEnabled": true,
                        "Image": 452546727,
                        "Duration": 5.0,
                        "Life Time": 0.699999988079071,
                        "Emission Rate": 8.0,
                        "Speed": 1.0,
                        "Max Particles": 1000,
                        "Looping": true,
                        "Size": 3.0,
                        "Speed": 1.0,
                        "isSpeedCurve": false,
                        "isSizeCurve": false,
                        "SizeCurve": [
                            0.0,
                            0.0,
                            0.0,
                            0.0
                        ],
                        "SpeedCurve": [
                            0.0,
                            0.0,
                            0.0,
                            0.0
                        ],
                        "ShapeType": 1,
                        "ShapeRadius": 0.20000000298023225,
                        "ShapeAngle": 0.08500000089406967,
                        "ShapeSize": [
                            1.0,
                            1.0
                        ],
                        "Color Gradient": [
                            {
                                "Time": 0.0,
                                "Color": [
                                    1.0,
                                    1.0,
                                    1.0,
                                    1.0
                                ]
                            }
                        ]
                    }
                ]
            },
            {
                "UID": 1468066700,
                "ParentUID": 1,
                "Name": "GameObject (2)",
                "isEnabled": true,
                "Translation": [
                    0.0,
                    0.0,
                    -5.073721885681152
                ],
                "Rotation": [
                    0.0,
                    0.0,
                    0.0,
                    1.0
                ],
                "Scale": [
                    1.0,
                    1.0,
                    1.0
                ],
                "Tag": 0,
                "PrefabId": 0,
                "OverridePrefab": true,
                "Components": []
            }
        ]
    }
}